{"text": " letter S, sound, S, now you repeat, S, letter T, sound.", "segments": [{"id": 0, "seek": 0, "start": 0.0, "end": 7.76, "text": " letter S, sound, S, now you repeat, S, letter T, sound.", "tokens": [50364, 5063, 318, 11, 1626, 11, 318, 11, 586, 291, 7149, 11, 318, 11, 5063, 314, 11, 1626, 13, 50752], "temperature": 0.0, "avg_logprob": -0.5144835880824498, "compression_ratio": 1.1458333333333333, "no_speech_prob": 0.04038846865296364}], "language": "en"}