{"text": " Let a T sound, T. Now you repeat, T. Let a U sound.", "segments": [{"id": 0, "seek": 0, "start": 0.0, "end": 6.0, "text": " Let a T sound, T. Now you repeat, T.", "tokens": [50364, 961, 257, 314, 1626, 11, 314, 13, 823, 291, 7149, 11, 314, 13, 50664], "temperature": 0.0, "avg_logprob": -0.517282071320907, "compression_ratio": 1.0408163265306123, "no_speech_prob": 0.07183817028999329}, {"id": 1, "seek": 0, "start": 6.0, "end": 8.0, "text": " Let a U sound.", "tokens": [50664, 961, 257, 624, 1626, 13, 50764], "temperature": 0.0, "avg_logprob": -0.517282071320907, "compression_ratio": 1.0408163265306123, "no_speech_prob": 0.07183817028999329}], "language": "en"}